,NOC,Year,duration,event,total_appearances,total_athletes,unique_events,unique_sports,athletes_per_games,events_per_games,last_HHI,last_athletes_count,last_unique_events,last_unique_sports,last_female_ratio,last_veteran_ratio,athlete_growth_rate,event_growth_rate,historical_events_per_athlete,athlete_per_event
0,CHN,1932,0,0,0,0,0,0,0.0,0.0,0.0,0,0,0,0.0,0.0,0.0,0.0,0.0,0.0
1,CHN,1936,1,0,1,1,2,1,1.0,2.0,0.5,1,2,1,0.0,0.0,0.0,0.0,2.0,0.5
2,CHN,1948,4,0,2,54,27,7,27.0,13.5,0.08970414201183434,54,27,7,0.046153846153846156,0.018518518518518517,53.0,12.5,1.2037037037037037,2.0
3,CHN,1952,5,0,3,84,33,8,28.0,11.0,0.21946740128558306,31,12,6,0.030303030303030304,0.03225806451612903,26.287037037037038,5.972222222222222,1.1547619047619047,2.5833333333333335
4,CHN,1984,13,1,4,84,34,8,21.0,8.5,1.0,1,1,1,0.0,1.0,17.2021107128634,3.675925925925926,1.1666666666666667,1.0
6,NED,1900,0,1,0,0,0,0,0.0,0.0,0.0,0,0,0,0.0,0.0,0.0,0.0,0.0,0.0
8,NOR,1900,0,1,0,0,0,0,0.0,0.0,0.0,0,0,0,0.0,0.0,0.0,0.0,0.0,0.0
9,ROU,1900,0,0,0,0,0,0,0.0,0.0,0.0,0,0,0,0.0,0.0,0.0,0.0,0.0,0.0
10,ROU,1924,6,1,1,1,1,1,1.0,1.0,1.0,1,1,1,0.0,0.0,0.0,0.0,1.0,1.0
11,EST,1920,0,1,0,0,0,0,0.0,0.0,0.0,0,0,0,0.0,0.0,0.0,0.0,0.0,0.0
12,FRA,1896,0,1,0,0,0,0,0.0,0.0,0.0,0,0,0,0.0,0.0,0.0,0.0,0.0,0.0
13,MAR,1960,0,1,0,0,0,0,0.0,0.0,0.0,0,0,0,0.0,0.0,0.0,0.0,0.0,0.0
14,ESP,1900,0,1,0,0,0,0,0.0,0.0,0.0,0,0,0,0.0,0.0,0.0,0.0,0.0,0.0
16,IRI,1900,0,0,0,0,0,0,0.0,0.0,0.0,0,0,0,0.0,0.0,0.0,0.0,0.0,0.0
17,IRI,1948,12,1,1,1,1,1,1.0,1.0,1.0,1,1,1,0.0,0.0,0.0,0.0,1.0,1.0
18,BUL,1924,0,0,0,0,0,0,0.0,0.0,0.0,0,0,0,0.0,0.0,0.0,0.0,0.0,0.0
19,BUL,1928,1,0,1,24,12,4,24.0,12.0,0.17793964620187303,24,12,4,0.0,0.0,0.0,0.0,1.2916666666666667,2.0
20,BUL,1932,2,0,2,27,15,5,13.5,7.5,0.24000000000000002,5,5,2,0.0,0.4,-0.7916666666666666,-0.5833333333333333,1.4074074074074074,1.0
21,BUL,1936,3,0,3,29,16,6,9.666666666666666,5.333333333333333,1.0,2,1,1,0.0,0.0,-0.6958333333333333,-0.6916666666666667,1.3793103448275863,2.0
22,BUL,1952,7,1,4,53,31,8,13.25,7.75,0.06574394463667818,26,22,7,0.0,0.07692307692307693,3.5361111111111114,6.538888888888889,2.2641509433962264,1.1818181818181819
23,ITA,1896,0,0,0,0,0,0,0.0,0.0,0.0,0,0,0,0.0,0.0,0.0,0.0,0.0,0.0
24,ITA,1900,1,1,1,1,1,1,1.0,1.0,1.0,1,1,1,0.0,0.0,0.0,0.0,1.0,1.0
39,AZE,1996,0,1,0,0,0,0,0.0,0.0,0.0,0,0,0,0.0,0.0,0.0,0.0,0.0,0.0
40,SUD,1960,0,0,0,0,0,0,0.0,0.0,0.0,0,0,0,0.0,0.0,0.0,0.0,0.0,0.0
41,SUD,1968,2,0,1,10,10,4,10.0,10.0,0.1124260355029586,10,10,4,0.0,0.0,0.0,0.0,1.3,1.0
42,SUD,1972,3,0,2,14,15,4,7.0,7.5,0.14285714285714285,5,7,2,0.0,0.2,-0.5,-0.30000000000000004,1.4285714285714286,0.7142857142857143
43,SUD,1984,6,0,3,38,23,5,12.666666666666666,7.666666666666667,0.23413111342351708,26,15,4,0.0,0.07692307692307693,1.85,0.4214285714285714,1.2894736842105263,1.7333333333333334
44,SUD,1988,7,0,4,45,25,5,11.25,6.25,0.1111111111111111,7,9,2,0.0,0.0,0.9897435897435898,0.14761904761904757,1.288888888888889,0.7777777777777778
45,SUD,1992,8,0,5,50,27,5,10.0,5.4,0.125,8,8,2,0.0,0.375,0.778021978021978,0.08293650793650789,1.28,1.0
46,SUD,1996,9,0,6,56,30,6,9.333333333333334,5.0,0.14285714285714285,6,7,3,0.0,0.0,0.5724175824175824,0.041349206349206316,1.2678571428571428,0.8571428571428571
47,SUD,2000,10,0,7,60,31,7,8.571428571428571,4.428571428571429,0.25,4,4,2,0.0,0.0,0.42145909645909646,-0.03697089947089951,1.25,1.0
48,SUD,2004,11,0,8,62,33,8,7.75,4.125,0.3333333333333333,3,3,2,0.3333333333333333,0.3333333333333333,0.32553636839351124,-0.06740362811791387,1.2580645161290323,1.0
49,SUD,2008,12,1,9,66,34,8,7.333333333333333,3.7777777777777777,0.25,4,4,1,0.25,0.0,0.32651098901098896,-0.017311507936507972,1.2424242424242424,1.0
55,ARG,1900,0,0,0,0,0,0,0.0,0.0,0.0,0,0,0,0.0,0.0,0.0,0.0,0.0,0.0
56,ARG,1908,2,0,1,1,1,1,1.0,1.0,1.0,1,1,1,0.0,0.0,0.0,0.0,1.0,1.0
57,ARG,1920,5,0,2,2,2,2,1.0,1.0,1.0,1,1,1,0.0,0.0,0.0,0.0,1.0,1.0
58,ARG,1924,6,1,3,3,3,3,1.0,1.0,1.0,1,1,1,0.0,0.0,0.0,0.0,1.0,1.0
59,CUB,1900,0,1,0,0,0,0,0.0,0.0,0.0,0,0,0,0.0,0.0,0.0,0.0,0.0,0.0
60,BLR,1996,0,1,0,0,0,0,0.0,0.0,0.0,0,0,0,0.0,0.0,0.0,0.0,0.0,0.0
61,GRE,1896,0,1,0,0,0,0,0.0,0.0,0.0,0,0,0,0.0,0.0,0.0,0.0,0.0,0.0
62,CMR,1964,0,0,0,0,0,0,0.0,0.0,0.0,0,0,0,0.0,0.0,0.0,0.0,0.0,0.0
63,CMR,1968,1,1,1,1,2,1,1.0,2.0,0.5,1,2,1,0.0,0.0,0.0,0.0,2.0,0.5
73,USA,1896,0,1,0,0,0,0,0.0,0.0,0.0,0,0,0,0.0,0.0,0.0,0.0,0.0,0.0
74,URS,1952,0,1,0,0,0,0,0.0,0.0,0.0,0,0,0,0.0,0.0,0.0,0.0,0.0,0.0
89,HUN,1896,0,1,0,0,0,0,0.0,0.0,0.0,0,0,0,0.0,0.0,0.0,0.0,0.0,0.0
90,NGR,1952,0,0,0,0,0,0,0.0,0.0,0.0,0,0,0,0.0,0.0,0.0,0.0,0.0,0.0
91,NGR,1956,1,0,1,9,5,1,9.0,5.0,0.20888888888888893,9,5,1,0.0,0.0,0.0,0.0,1.6666666666666667,1.8
92,NGR,1960,2,0,2,15,7,1,7.5,3.5,0.19387755102040813,10,6,1,0.0,0.4,0.11111111111111116,0.19999999999999996,1.6,1.6666666666666667
93,NGR,1964,3,1,3,26,13,2,8.666666666666666,4.333333333333333,0.12000000000000001,12,12,2,0.0,0.08333333333333333,0.15555555555555556,0.6,1.4230769230769231,1.0
94,ALG,1964,0,0,0,0,0,0,0.0,0.0,0.0,0,0,0,0.0,0.0,0.0,0.0,0.0,0.0
95,ALG,1968,1,0,1,1,7,1,1.0,7.0,0.14285714285714285,1,7,1,0.0,0.0,0.0,0.0,7.0,0.14285714285714285
96,ALG,1972,2,0,2,4,9,2,2.0,4.5,0.1111111111111111,3,9,2,0.0,0.0,2.0,0.2857142857142858,4.0,0.3333333333333333
97,ALG,1980,4,0,3,9,14,3,3.0,4.666666666666667,0.22448979591836732,5,5,2,0.0,0.0,1.3333333333333335,-0.0793650793650793,2.5555555555555554,1.0
98,ALG,1984,5,1,4,63,38,10,15.75,9.5,0.11413454270597129,54,28,9,0.0,0.0,4.155555555555556,1.4804232804232804,1.3650793650793651,1.9285714285714286
99,KUW,1968,0,0,0,0,0,0,0.0,0.0,0.0,0,0,0,0.0,0.0,0.0,0.0,0.0,0.0
100,KUW,1972,1,0,1,2,1,1,2.0,1.0,1.0,2,1,1,0.0,0.0,0.0,0.0,1.0,2.0
101,KUW,1976,2,0,2,6,5,2,3.0,2.5,0.25,4,4,2,0.0,0.0,1.0,3.0,1.0,1.0
102,KUW,1980,3,0,3,21,17,5,7.0,5.666666666666667,0.11564625850340134,15,13,4,0.0,0.0,1.875,2.625,1.2857142857142858,1.1538461538461537
103,KUW,1984,4,0,4,72,34,7,18.0,8.5,0.12007128536422368,56,26,7,0.0,0.08928571428571429,2.161111111111111,2.0833333333333335,1.25,2.1538461538461537
104,KUW,1988,5,0,5,88,36,7,17.6,7.2,0.08428720083246619,23,17,5,0.0,0.30434782608695654,1.4735119047619047,1.4759615384615385,1.2386363636363635,1.3529411764705883
105,KUW,1992,6,0,6,107,45,9,17.833333333333332,7.5,0.06055363321799308,25,24,7,0.0,0.24,1.19620082815735,1.2631221719457015,1.2897196261682242,1.0416666666666667
106,KUW,1996,7,0,7,131,50,11,18.714285714285715,7.142857142857143,0.2783053323593863,32,18,7,0.0,0.25,1.043500690131125,1.0109351432880846,1.2748091603053435,1.7777777777777777
107,KUW,2000,8,1,8,152,54,12,19.0,6.75,0.21810699588477364,25,16,9,0.0,0.16,0.8631791629695356,0.8506428212310565,1.256578947368421,1.5625
108,BRN,1984,0,0,0,0,0,0,0.0,0.0,0.0,0,0,0,0.0,0.0,0.0,0.0,0.0,0.0
109,BRN,1988,1,0,1,10,8,4,10.0,8.0,0.1530612244897959,10,8,4,0.0,0.0,0.0,0.0,1.4,1.25
110,BRN,1992,2,0,2,15,12,5,7.5,6.0,0.1796875,7,7,3,0.0,0.2857142857142857,-0.30000000000000004,-0.125,1.8,1.0
111,BRN,1996,3,0,3,23,21,6,7.666666666666667,7.0,0.14666666666666667,10,10,2,0.0,0.2,0.06428571428571428,0.1517857142857143,1.7826086956521738,1.0
112,BRN,2000,4,0,4,28,23,7,7.0,5.75,0.44000000000000006,5,3,2,0.0,0.0,-0.12380952380952381,-0.13214285714285712,1.6428571428571428,1.6666666666666667
113,BRN,2004,5,0,5,32,26,7,6.4,5.2,0.25,4,4,2,0.5,0.0,-0.14285714285714285,-0.015773809523809523,1.5625,1.0
114,BRN,2008,6,0,6,42,29,7,7.0,4.833333333333333,0.10000000000000003,10,10,4,0.3,0.0,0.18571428571428572,0.2873809523809524,1.4285714285714286,1.0
115,BRN,2012,7,1,7,50,32,7,7.142857142857143,4.571428571428571,0.11111111111111113,14,11,3,0.2,0.42857142857142855,0.22142857142857142,0.2561507936507937,1.42,1.2727272727272727
116,PAK,1948,0,0,0,0,0,0,0.0,0.0,0.0,0,0,0,0.0,0.0,0.0,0.0,0.0,0.0
117,PAK,1952,1,0,1,32,20,6,32.0,20.0,0.2086776859504133,32,20,6,0.0,0.0,0.0,0.0,1.34375,1.6
118,PAK,1956,2,1,2,59,32,7,29.5,16.0,0.08804306036139947,35,25,7,0.0,0.22857142857142856,0.09375,0.25,1.423728813559322,1.4
119,IRQ,1948,0,0,0,0,0,0,0.0,0.0,0.0,0,0,0,0.0,0.0,0.0,0.0,0.0,0.0
120,IRQ,1960,3,1,1,11,4,2,11.0,4.0,0.6094674556213019,11,4,2,0.0,0.0,0.0,0.0,1.1818181818181819,2.75
139,QAT,1984,0,0,0,0,0,0,0.0,0.0,0.0,0,0,0,0.0,0.0,0.0,0.0,0.0,0.0
140,QAT,1988,1,0,1,24,8,3,24.0,8.0,0.3313609467455621,24,8,3,0.0,0.0,0.0,0.0,1.0833333333333333,3.0
141,QAT,1992,2,1,2,31,15,4,15.5,7.5,0.14792899408284027,10,10,3,0.0,0.3,-0.5833333333333333,0.25,1.1612903225806452,1.0
142,MAS,1964,0,0,0,0,0,0,0.0,0.0,0.0,0,0,0,0.0,0.0,0.0,0.0,0.0,0.0
143,MAS,1968,1,0,1,61,48,10,61.0,48.0,0.05166895290352079,61,48,10,0.07407407407407407,0.0,0.0,0.0,1.3278688524590163,1.2708333333333333
144,MAS,1972,2,0,2,80,50,10,40.0,25.0,0.26367346938775515,31,14,4,0.0,0.3870967741935484,-0.4918032786885246,-0.7083333333333333,1.2875,2.2142857142857144
145,MAS,1976,3,0,3,117,58,11,39.0,19.333333333333332,0.15789473684210523,44,20,6,0.08771929824561403,0.1590909090909091,-0.036224219989423545,-0.13988095238095233,1.3247863247863247,2.2
146,MAS,1984,5,0,4,131,60,11,32.75,15.0,0.4272,23,9,5,0.0,0.391304347826087,-0.18324038908385812,-0.27658730158730155,1.297709923664122,2.5555555555555554
147,MAS,1988,6,0,5,150,61,11,30.0,12.2,0.36625514403292186,21,12,5,0.14814814814814814,0.09523809523809523,-0.15916942224767622,-0.12410714285714286,1.3,1.75
148,MAS,1992,7,1,6,157,67,12,26.166666666666668,11.166666666666666,0.07266435986159168,9,15,5,0.47058823529411764,0.2222222222222222,-0.24162125208385526,-0.04928571428571429,1.3312101910828025,0.6
149,GER,1896,0,1,0,0,0,0,0.0,0.0,0.0,0,0,0,0.0,0.0,0.0,0.0,0.0,0.0
150,CAN,1900,0,1,0,0,0,0,0.0,0.0,0.0,0,0,0,0.0,0.0,0.0,0.0,0.0,0.0
151,IRL,1924,0,0,0,0,0,0,0.0,0.0,0.0,0,0,0,0.0,0.0,0.0,0.0,0.0,0.0
152,IRL,1928,1,1,1,48,29,6,48.0,29.0,0.07777777777777779,48,29,6,0.1,0.0,0.0,0.0,1.2291666666666667,1.6551724137931034
153,AUS,1896,0,1,0,0,0,0,0.0,0.0,0.0,0,0,0,0.0,0.0,0.0,0.0,0.0,0.0
156,ERI,2000,0,0,0,0,0,0,0.0,0.0,0.0,0,0,0,0.0,0.0,0.0,0.0,0.0,0.0
157,ERI,2004,1,1,1,3,3,1,3.0,3.0,0.3333333333333333,3,3,1,0.3333333333333333,0.0,0.0,0.0,1.0,1.0
158,TAN,1964,0,0,0,0,0,0,0.0,0.0,0.0,0,0,0,0.0,0.0,0.0,0.0,0.0,0.0
159,TAN,1968,1,0,1,4,4,1,4.0,4.0,0.25,4,4,1,0.0,0.0,0.0,0.0,1.0,1.0
160,TAN,1972,2,0,2,8,7,2,4.0,3.5,0.20000000000000004,4,5,2,0.0,0.0,0.0,0.25,1.125,0.8
161,TAN,1980,4,1,3,19,18,2,6.333333333333333,6.0,0.09504132231404959,15,16,2,0.0,0.26666666666666666,1.375,1.225,1.4736842105263157,0.9375
162,JOR,1980,0,0,0,0,0,0,0.0,0.0,0.0,0,0,0,0.0,0.0,0.0,0.0,0.0,0.0
163,JOR,1984,1,0,1,4,3,1,4.0,3.0,0.3333333333333333,4,3,1,0.0,0.0,0.0,0.0,1.5,1.3333333333333333
164,JOR,1988,2,0,2,16,14,3,8.0,7.0,0.09333333333333334,13,12,3,0.06666666666666667,0.07692307692307693,2.25,3.0,1.3125,1.0833333333333333
165,JOR,1992,3,0,3,23,23,7,7.666666666666667,7.666666666666667,0.1111111111111111,7,9,5,0.2222222222222222,0.0,0.8942307692307692,1.375,1.3043478260869565,0.7777777777777778
166,JOR,1996,4,0,4,27,24,7,6.75,6.0,0.20000000000000004,4,5,3,0.2,0.0,0.45329670329670324,0.7685185185185185,1.2962962962962963,0.8
167,JOR,2000,5,0,5,31,28,8,6.2,5.6,0.20000000000000004,5,5,3,0.4,0.2,0.40247252747252743,0.5763888888888888,1.2580645161290323,1.0
168,JOR,2004,6,0,6,38,32,10,6.333333333333333,5.333333333333333,0.125,8,8,6,0.5,0.125,0.441978021978022,0.5811111111111111,1.2105263157894737,1.0
169,JOR,2008,7,0,7,45,38,10,6.428571428571429,5.428571428571429,0.125,8,8,5,0.5,0.125,0.36831501831501834,0.4842592592592592,1.2,1.0
170,JOR,2012,8,0,8,48,41,10,6.0,5.125,0.14285714285714285,7,7,5,0.5714285714285714,0.5714285714285714,0.29784144427001574,0.3972222222222222,1.2083333333333333,1.0
171,JOR,2016,9,1,9,55,44,10,6.111111111111111,4.888888888888889,0.1111111111111111,9,9,5,0.4444444444444444,0.2222222222222222,0.29632554945054945,0.3832837301587302,1.1818181818181819,1.0
186,BEL,1900,0,1,0,0,0,0,0.0,0.0,0.0,0,0,0,0.0,0.0,0.0,0.0,0.0,0.0
187,DJI,1984,0,0,0,0,0,0,0.0,0.0,0.0,0,0,0,0.0,0.0,0.0,0.0,0.0,0.0
188,DJI,1988,1,1,1,3,1,1,3.0,1.0,1.0,3,1,1,0.0,0.0,0.0,0.0,1.0,3.0
205,KAZ,1996,0,1,0,0,0,0,0.0,0.0,0.0,0,0,0,0.0,0.0,0.0,0.0,0.0,0.0
213,IND,1900,0,1,0,0,0,0,0.0,0.0,0.0,0,0,0,0.0,0.0,0.0,0.0,0.0,0.0
214,KSA,1972,0,0,0,0,0,0,0.0,0.0,0.0,0,0,0,0.0,0.0,0.0,0.0,0.0,0.0
215,KSA,1976,1,0,1,10,11,1,10.0,11.0,0.1326530612244898,10,11,1,0.0,0.0,0.0,0.0,1.4,0.9090909090909091
216,KSA,1984,3,0,2,23,16,1,11.5,8.0,0.11911357340720222,14,13,1,0.0,0.07142857142857142,0.3999999999999999,0.18181818181818188,1.434782608695652,1.0769230769230769
217,KSA,1988,4,0,3,60,27,6,20.0,9.0,0.1757369614512472,37,11,5,0.0,0.0,1.0214285714285714,0.013986013986014012,1.25,3.3636363636363638
218,KSA,1992,5,0,4,68,30,6,17.0,7.5,0.08875739644970415,9,12,3,0.0,0.1111111111111111,0.42870012870012864,0.03962703962703962,1.2941176470588236,0.75
219,KSA,1996,6,0,5,76,38,8,15.2,7.6,0.10034602076124567,9,13,5,0.0,0.1111111111111111,0.3215250965250965,0.05055361305361303,1.368421052631579,0.6923076923076923
220,KSA,2000,7,1,6,101,42,10,16.833333333333332,7.0,0.23183391003460213,29,13,5,0.0,0.13793103448275862,0.7016645216645216,0.04044289044289042,1.3564356435643565,2.230769230769231
221,SYR,1948,0,0,0,0,0,0,0.0,0.0,0.0,0,0,0,0.0,0.0,0.0,0.0,0.0,0.0
222,SYR,1968,5,0,1,1,1,1,1.0,1.0,1.0,1,1,1,0.0,0.0,0.0,0.0,1.0,1.0
223,SYR,1972,6,0,2,3,3,2,1.5,1.5,0.5,2,2,1,0.0,0.0,1.0,1.0,1.0,1.0
224,SYR,1980,8,0,3,8,7,4,2.6666666666666665,2.3333333333333335,0.28,5,4,3,0.2,0.0,1.25,1.0,1.0,1.25
225,SYR,1984,9,1,4,75,56,8,18.75,14.0,0.0565364015076374,67,55,7,0.04225352112676056,0.0,4.966666666666667,4.916666666666667,1.0533333333333332,1.2181818181818183
238,UAE,1984,0,0,0,0,0,0,0.0,0.0,0.0,0,0,0,0.0,0.0,0.0,0.0,0.0,0.0
239,UAE,1988,1,0,1,7,8,1,7.0,8.0,0.19008264462809918,7,8,1,0.0,0.0,0.0,0.0,1.5714285714285714,0.875
240,UAE,1992,2,0,2,18,23,3,9.0,11.5,0.08024691358024692,12,15,2,0.0,0.08333333333333333,0.7142857142857142,0.875,2.611111111111111,0.8
241,UAE,1996,3,0,3,26,25,3,8.666666666666666,8.333333333333334,0.07407407407407408,13,19,3,0.0,0.38461538461538464,0.3988095238095237,0.5708333333333333,2.576923076923077,0.6842105263157895
242,UAE,2000,4,0,4,30,27,4,7.5,6.75,0.25,4,4,4,0.0,0.0,0.035103785103785055,0.11739766081871343,2.3666666666666667,1.0
243,UAE,2004,5,1,5,34,30,4,6.8,6.0,0.20000000000000004,4,5,3,0.0,0.0,0.02632783882783879,0.15054824561403507,2.235294117647059,0.8
246,INA,1952,0,0,0,0,0,0,0.0,0.0,0.0,0,0,0,0.0,0.0,0.0,0.0,0.0,0.0
247,INA,1956,1,0,1,3,3,3,3.0,3.0,0.3333333333333333,3,3,3,0.0,0.0,0.0,0.0,1.0,1.0
248,INA,1960,2,0,2,25,13,6,12.5,6.5,0.3159722222222221,22,11,6,0.08333333333333333,0.0,6.333333333333333,2.6666666666666665,1.08,2.0
249,INA,1968,4,0,3,46,24,9,15.333333333333334,8.0,0.08367626886145403,22,17,8,0.07407407407407407,0.045454545454545456,3.1666666666666665,1.606060606060606,1.1521739130434783,1.2941176470588236
250,INA,1972,5,0,4,52,26,9,13.0,6.5,0.22222222222222227,6,5,2,0.0,0.0,1.8686868686868685,0.8354129530600117,1.1346153846153846,1.2
251,INA,1976,6,0,5,57,32,11,11.4,6.4,0.14285714285714285,6,7,5,0.5714285714285714,0.16666666666666666,1.4015151515151514,0.7265597147950088,1.1578947368421053,0.8571428571428571
252,INA,1984,8,0,6,63,36,11,10.5,6.0,0.09090909090909091,7,11,5,0.2727272727272727,0.14285714285714285,1.1545454545454545,0.6955334861217214,1.1904761904761905,0.6363636363636364
253,INA,1988,9,1,7,78,43,11,11.142857142857142,6.142857142857143,0.08128544423440454,16,16,6,0.17391304347826086,0.0625,1.1764069264069263,0.6553688141923436,1.2435897435897436,1.0
254,PHI,1924,0,0,0,0,0,0,0.0,0.0,0.0,0,0,0,0.0,0.0,0.0,0.0,0.0,0.0
255,PHI,1928,1,1,1,1,2,1,1.0,2.0,0.5,1,2,1,0.0,0.0,0.0,0.0,2.0,0.5
260,UZB,1996,0,1,0,0,0,0,0.0,0.0,0.0,0,0,0,0.0,0.0,0.0,0.0,0.0,0.0
261,KGZ,1996,0,0,0,0,0,0,0.0,0.0,0.0,0,0,0,0.0,0.0,0.0,0.0,0.0,0.0
262,KGZ,2000,1,1,1,33,39,9,33.0,39.0,0.03737985048059809,33,39,9,0.18867924528301888,0.0,0.0,0.0,1.606060606060606,0.8461538461538461
263,TJK,1996,0,0,0,0,0,0,0.0,0.0,0.0,0,0,0,0.0,0.0,0.0,0.0,0.0,0.0
264,TJK,2000,1,0,1,8,8,5,8.0,8.0,0.125,8,8,5,0.25,0.0,0.0,0.0,1.0,1.0
265,TJK,2004,2,0,2,11,11,6,5.5,5.5,0.25,4,4,2,0.5,0.25,-0.5,-0.5,1.0,1.0
266,TJK,2008,3,1,3,19,19,8,6.333333333333333,6.333333333333333,0.1111111111111111,9,9,5,0.4444444444444444,0.1111111111111111,0.375,0.375,1.0,1.0
267,EUN,1992,0,1,0,0,0,0,0.0,0.0,0.0,0,0,0,0.0,0.0,0.0,0.0,0.0,0.0
285,BRA,1900,0,0,0,0,0,0,0.0,0.0,0.0,0,0,0,0.0,0.0,0.0,0.0,0.0,0.0
286,BRA,1920,5,1,1,1,3,1,1.0,3.0,0.3333333333333333,1,3,1,0.0,0.0,0.0,0.0,3.0,0.3333333333333333
287,GDR,1968,0,1,0,0,0,0,0.0,0.0,0.0,0,0,0,0.0,0.0,0.0,0.0,0.0,0.0
311,ISR,1952,0,0,0,0,0,0,0.0,0.0,0.0,0,0,0,0.0,0.0,0.0,0.0,0.0,0.0
312,ISR,1956,1,0,1,25,17,5,25.0,17.0,0.17585848074921953,25,17,5,0.12903225806451613,0.0,0.0,0.0,1.24,1.4705882352941178
313,ISR,1960,2,0,2,27,19,5,13.5,9.5,0.3333333333333333,3,3,3,0.3333333333333333,0.3333333333333333,-0.88,-0.8235294117647058,1.2222222222222223,1.0
314,ISR,1964,3,0,3,49,38,9,16.333333333333332,12.666666666666666,0.04631379962192816,23,28,7,0.41304347826086957,0.043478260869565216,2.8933333333333335,3.754901960784314,1.5918367346938775,0.8214285714285714
315,ISR,1968,4,0,4,56,41,9,14.0,10.25,0.08875739644970415,10,12,3,0.23076923076923078,0.3,1.7404830917874399,2.312791783380019,1.5714285714285714,0.8333333333333334
316,ISR,1972,5,0,5,82,57,10,16.4,11.4,0.20841551610782386,29,20,4,0.1794871794871795,0.10344827586206896,1.78036231884058,1.901260504201681,1.5121951219512195,1.45
317,ISR,1976,6,0,6,92,64,12,15.333333333333334,10.666666666666666,0.07958477508650517,14,14,7,0.23529411764705882,0.2857142857142857,1.320841579210395,1.4610084033613449,1.4782608695652173,1.0
318,ISR,1984,8,0,7,117,73,13,16.714285714285715,10.428571428571429,0.21280276816609,26,19,10,0.058823529411764705,0.038461538461538464,1.2435584588658053,1.27703081232493,1.4444444444444444,1.368421052631579
319,ISR,1988,9,0,8,147,91,16,18.375,11.375,0.02437869822485207,32,46,11,0.2923076923076923,0.0625,1.0988742834234375,1.2976053579326468,1.5782312925170068,0.6956521739130435
320,ISR,1992,10,1,9,161,99,17,17.88888888888889,11.0,0.058263971462544584,18,20,8,0.27586206896551724,0.2222222222222222,0.9068274979955078,1.0647525142780225,1.5776397515527951,0.9
321,URU,1924,0,1,0,0,0,0,0.0,0.0,0.0,0,0,0,0.0,0.0,0.0,0.0,0.0,0.0
322,SWE,1896,0,0,0,0,0,0,0.0,0.0,0.0,0,0,0,0.0,0.0,0.0,0.0,0.0,0.0
323,SWE,1900,1,1,1,1,5,2,1.0,5.0,0.20000000000000004,1,5,2,0.0,0.0,0.0,0.0,5.0,0.2
324,SRI,1948,0,0,0,0,0,0,0.0,0.0,0.0,0,0,0,0.0,0.0,0.0,0.0,0.0,0.0
325,SRI,1952,1,0,1,7,9,2,7.0,9.0,0.12000000000000002,7,9,2,0.0,0.0,0.0,0.0,1.4285714285714286,0.7777777777777778
326,SRI,1956,2,0,2,11,14,4,5.5,7.0,0.14285714285714285,5,7,4,0.0,0.2,-0.2857142857142857,-0.2222222222222222,1.4545454545454546,0.7142857142857143
327,SRI,1960,3,0,3,13,14,4,4.333333333333333,4.666666666666667,0.3333333333333333,3,3,2,0.0,0.3333333333333333,-0.34285714285714286,-0.3968253968253968,1.3846153846153846,1.0
328,SRI,1964,4,0,4,18,18,5,4.5,4.5,0.20000000000000004,5,5,4,0.0,0.0,-0.006349206349206327,-0.04232804232804229,1.2777777777777777,1.0
329,SRI,1968,5,0,5,24,22,7,4.8,4.4,0.18367346938775508,6,6,4,0.0,0.0,0.045238095238095244,0.018253968253968272,1.25,1.0
330,SRI,1972,6,0,6,27,24,8,4.5,4.0,0.3333333333333333,3,3,3,0.0,0.0,-0.0638095238095238,-0.08539682539682539,1.2222222222222223,1.0
331,SRI,1980,8,0,7,31,26,8,4.428571428571429,3.7142857142857144,0.16666666666666669,4,6,2,0.0,0.0,0.0023809523809523725,0.09550264550264552,1.2580645161290323,0.6666666666666666
332,SRI,1984,9,0,8,35,27,8,4.375,3.375,1.0,4,1,1,0.0,0.0,0.002040816326530605,-0.03718820861678004,1.2285714285714286,4.0
333,SRI,1988,10,0,9,39,30,9,4.333333333333333,3.3333333333333335,0.22222222222222227,4,5,3,0.0,0.0,0.0017857142857142794,0.46746031746031746,1.2564102564102564,0.8
334,SRI,1992,11,0,10,43,35,9,4.3,3.5,0.1111111111111111,6,9,3,0.4444444444444444,0.3333333333333333,0.057142857142857134,0.5044091710758377,1.302325581395349,0.6666666666666666
335,SRI,1996,12,0,11,53,46,10,4.818181818181818,4.181818181818182,0.0625,11,16,5,0.5,0.09090909090909091,0.13476190476190475,0.5317460317460317,1.3584905660377358,0.6875
336,SRI,2000,13,1,12,60,48,10,5.0,4.0,0.12396694214876033,9,9,3,0.5454545454545454,0.2222222222222222,0.10598189689098779,0.4436327561327561,1.35,1.0
337,ARM,1996,0,1,0,0,0,0,0.0,0.0,0.0,0,0,0,0.0,0.0,0.0,0.0,0.0,0.0
338,CIV,1964,0,0,0,0,0,0,0.0,0.0,0.0,0,0,0,0.0,0.0,0.0,0.0,0.0,0.0
339,CIV,1968,1,0,1,9,10,2,9.0,10.0,0.10000000000000003,9,10,2,0.0,0.0,0.0,0.0,1.1111111111111112,0.9
340,CIV,1972,2,0,2,15,13,3,7.5,6.5,0.2066115702479339,10,7,2,0.0,0.4,0.11111111111111116,-0.30000000000000004,1.1333333333333333,1.4285714285714286
341,CIV,1976,3,0,3,21,15,3,7.0,5.0,0.18343195266272194,11,7,2,0.0,0.45454545454545453,0.10555555555555562,-0.15000000000000002,1.2380952380952381,1.5714285714285714
342,CIV,1984,5,1,4,27,19,3,6.75,4.75,0.19008264462809918,8,8,1,0.18181818181818182,0.25,-0.020538720538720485,-0.05238095238095242,1.2592592592592593,1.0
343,KEN,1956,0,0,0,0,0,0,0.0,0.0,0.0,0,0,0,0.0,0.0,0.0,0.0,0.0,0.0
344,KEN,1960,1,0,1,25,10,4,25.0,10.0,0.24661810613943808,25,10,4,0.03225806451612903,0.0,0.0,0.0,1.24,2.5
345,KEN,1964,2,1,2,43,18,5,21.5,9.0,0.3044444444444444,27,13,4,0.0,0.3333333333333333,0.08000000000000007,0.30000000000000004,1.2325581395348837,2.076923076923077
359,GBR,1896,0,1,0,0,0,0,0.0,0.0,0.0,0,0,0,0.0,0.0,0.0,0.0,0.0,0.0
360,GHA,1952,0,0,0,0,0,0,0.0,0.0,0.0,0,0,0,0.0,0.0,0.0,0.0,0.0,0.0
361,GHA,1960,2,1,1,7,5,1,7.0,5.0,0.2839506172839506,7,5,1,0.0,0.0,0.0,0.0,1.2857142857142858,1.4
373,NIG,1964,0,0,0,0,0,0,0.0,0.0,0.0,0,0,0,0.0,0.0,0.0,0.0,0.0,0.0
374,NIG,1968,1,0,1,1,1,1,1.0,1.0,1.0,1,1,1,0.0,0.0,0.0,0.0,1.0,1.0
375,NIG,1972,2,1,2,2,3,1,1.0,1.5,0.5,2,2,1,0.0,0.5,1.0,1.0,1.5,1.0
403,POL,1912,0,0,0,0,0,0,0.0,0.0,0.0,0,0,0,0.0,0.0,0.0,0.0,0.0,0.0
404,POL,1924,3,1,1,1,1,1,1.0,1.0,1.0,1,1,1,0.0,0.0,0.0,0.0,1.0,1.0
405,CRC,1936,0,0,0,0,0,0,0.0,0.0,0.0,0,0,0,0.0,0.0,0.0,0.0,0.0,0.0
406,CRC,1964,7,0,1,1,1,1,1.0,1.0,1.0,1,1,1,0.0,0.0,0.0,0.0,1.0,1.0
407,CRC,1968,8,0,2,3,2,2,1.5,1.0,1.0,2,1,1,0.0,0.0,1.0,0.0,1.0,2.0
408,CRC,1972,9,0,3,21,20,8,7.0,6.666666666666667,0.07818930041152262,18,18,6,0.1111111111111111,0.0,4.5,8.5,1.4285714285714286,1.0
409,CRC,1976,10,0,4,22,21,8,5.5,5.25,0.25,3,4,3,0.0,0.6666666666666666,2.722222222222222,5.407407407407407,1.4090909090909092,0.75
410,CRC,1980,11,0,5,26,27,9,5.2,5.4,0.12000000000000002,5,9,4,0.5,0.2,2.208333333333333,4.368055555555555,1.5,0.5555555555555556
411,CRC,1984,12,0,6,52,37,10,8.666666666666666,6.166666666666667,0.20818115412710012,29,18,5,0.10810810810810811,0.10344827586206896,2.7266666666666666,3.694444444444444,1.3653846153846154,1.6111111111111112
412,CRC,1988,13,1,7,72,44,10,10.285714285714286,6.285714285714286,0.296875,28,16,5,0.03125,0.2857142857142857,2.2664750957854403,3.060185185185185,1.3472222222222223,1.75
415,GEO,1996,0,1,0,0,0,0,0.0,0.0,0.0,0,0,0,0.0,0.0,0.0,0.0,0.0,0.0
416,SLO,1992,0,1,0,0,0,0,0.0,0.0,0.0,0,0,0,0.0,0.0,0.0,0.0,0.0,0.0
417,GUY,1948,0,0,0,0,0,0,0.0,0.0,0.0,0,0,0,0.0,0.0,0.0,0.0,0.0,0.0
418,GUY,1952,1,0,1,4,7,3,4.0,7.0,0.14285714285714285,4,7,3,0.0,0.0,0.0,0.0,1.75,0.5714285714285714
419,GUY,1956,2,0,2,5,8,3,2.5,4.0,1.0,1,1,1,0.0,0.0,-0.75,-0.8571428571428572,1.6,1.0
420,GUY,1960,3,0,3,9,12,3,3.0,4.0,0.16666666666666669,4,6,2,0.3333333333333333,0.0,1.125,2.071428571428571,1.5555555555555556,0.6666666666666666
421,GUY,1964,4,0,4,14,17,4,3.5,4.25,0.16666666666666669,5,6,2,0.16666666666666666,0.0,0.8333333333333334,1.3809523809523807,1.4285714285714286,0.8333333333333334
422,GUY,1968,5,0,5,15,17,4,3.0,3.4,1.0,1,1,1,0.0,0.0,0.425,0.8273809523809522,1.4,1.0
423,GUY,1972,6,0,6,20,20,4,3.3333333333333335,3.3333333333333335,0.16666666666666669,5,6,4,0.0,0.0,1.1400000000000001,1.6619047619047618,1.35,0.8333333333333334
424,GUY,1980,8,1,7,23,22,4,3.2857142857142856,3.142857142857143,0.25,3,4,2,0.0,0.0,0.8833333333333333,1.3293650793650793,1.3478260869565217,0.75
425,NZL,1900,0,0,0,0,0,0,0.0,0.0,0.0,0,0,0,0.0,0.0,0.0,0.0,0.0,0.0
426,NZL,1920,5,1,1,1,1,1,1.0,1.0,1.0,1,1,1,0.0,0.0,0.0,0.0,1.0,1.0
427,POR,1912,0,0,0,0,0,0,0.0,0.0,0.0,0,0,0,0.0,0.0,0.0,0.0,0.0,0.0
428,POR,1920,2,0,1,6,8,3,6.0,8.0,0.125,6,8,3,0.0,0.0,0.0,0.0,1.3333333333333333,0.75
429,POR,1924,3,1,2,18,14,4,9.0,7.0,0.14875,13,7,2,0.0,0.07692307692307693,1.1666666666666665,-0.125,2.611111111111111,1.8571428571428572
430,PAR,1968,0,0,0,0,0,0,0.0,0.0,0.0,0,0,0,0.0,0.0,0.0,0.0,0.0,0.0
431,PAR,1972,1,0,1,1,1,1,1.0,1.0,1.0,1,1,1,0.0,0.0,0.0,0.0,1.0,1.0
432,PAR,1976,2,0,2,4,4,3,2.0,2.0,0.3333333333333333,3,3,2,0.0,0.0,2.0,2.0,1.0,1.0
433,PAR,1984,4,0,3,7,10,4,2.3333333333333335,3.3333333333333335,0.16666666666666669,4,6,4,0.0,0.25,1.1666666666666665,1.5,1.4285714285714286,0.6666666666666666
434,PAR,1988,5,0,4,21,25,6,5.25,6.25,0.07407407407407407,14,15,4,0.0,0.0,1.611111111111111,1.5,1.3333333333333333,0.9333333333333333
435,PAR,1992,6,0,5,30,31,7,6.0,6.2,0.10059171597633138,10,11,5,0.0,0.1,1.1369047619047619,1.0583333333333333,1.3333333333333333,0.9090909090909091
436,PAR,1996,7,0,6,55,38,8,9.166666666666666,6.333333333333333,0.3215400624349635,27,12,6,0.0967741935483871,0.07407407407407407,1.2495238095238095,0.8648484848484849,1.2545454545454546,2.25
437,PAR,2000,8,0,7,61,42,9,8.714285714285714,6.0,0.14285714285714285,7,7,5,0.14285714285714285,0.14285714285714285,0.9178130511463846,0.6512626262626263,1.2295081967213115,1.0
438,PAR,2004,9,1,8,64,46,9,8.0,5.75,0.20000000000000004,5,5,3,0.6,0.4,0.7458805744520031,0.517408781694496,1.234375,1.0
450,VEN,1932,0,0,0,0,0,0,0.0,0.0,0.0,0,0,0,0.0,0.0,0.0,0.0,0.0,0.0
451,VEN,1948,4,0,1,1,1,1,1.0,1.0,1.0,1,1,1,0.0,0.0,0.0,0.0,1.0,1.0
452,VEN,1952,5,1,2,2,3,2,1.0,1.5,0.5,1,2,1,0.0,0.0,0.0,1.0,1.5,0.5
453,COL,1900,0,0,0,0,0,0,0.0,0.0,0.0,0,0,0,0.0,0.0,0.0,0.0,0.0,0.0
454,COL,1932,8,0,1,1,1,1,1.0,1.0,1.0,1,1,1,0.0,0.0,0.0,0.0,1.0,1.0
455,COL,1936,9,0,2,3,3,3,1.5,1.5,0.5,2,2,2,0.0,0.0,1.0,1.0,1.0,1.0
456,COL,1948,12,0,3,8,8,3,2.6666666666666665,2.6666666666666665,0.22222222222222227,5,5,1,0.0,0.0,1.25,1.25,1.125,1.0
457,COL,1956,14,0,4,14,14,5,3.5,3.5,0.17355371900826447,6,6,3,0.0,0.0,0.9,0.9,1.4285714285714286,1.0
458,COL,1960,15,0,5,38,32,8,7.6,6.4,0.06201901312811226,26,23,6,0.0,0.07692307692307693,1.5083333333333333,1.3833333333333333,1.6842105263157894,1.1304347826086956
459,COL,1964,16,0,6,49,35,9,8.166666666666666,5.833333333333333,0.10396975425330815,16,13,5,0.0,0.3125,1.1297435897435897,1.019710144927536,1.6326530612244898,1.2307692307692308
460,COL,1968,17,0,7,66,39,9,9.428571428571429,5.571428571428571,0.07375000000000001,20,19,6,0.0,0.15,0.9831196581196581,0.9266815310293571,1.696969696969697,1.0526315789473684
461,COL,1972,18,1,8,102,57,10,12.75,7.125,0.08408163265306123,43,33,5,0.2,0.16279069767441862,1.006959706959707,0.8995616130627573,1.7156862745098038,1.303030303030303
462,FRG,1968,0,1,0,0,0,0,0.0,0.0,0.0,0,0,0,0.0,0.0,0.0,0.0,0.0,0.0
474,PER,1900,0,0,0,0,0,0,0.0,0.0,0.0,0,0,0,0.0,0.0,0.0,0.0,0.0,0.0
475,PER,1932,8,0,1,1,2,1,1.0,2.0,0.5,1,2,1,0.0,0.0,0.0,0.0,2.0,0.5
476,PER,1936,9,0,2,3,3,2,1.5,1.5,1.0,2,1,1,0.0,0.0,1.0,-0.5,1.3333333333333333,2.0
477,PER,1948,12,1,3,43,19,10,14.333333333333334,6.333333333333333,0.13516068052930055,40,16,8,0.0,0.0,10.0,7.25,1.1627906976744187,2.5
492,PUR,1948,0,1,0,0,0,0,0.0,0.0,0.0,0,0,0,0.0,0.0,0.0,0.0,0.0,0.0
493,UGA,1956,0,0,0,0,0,0,0.0,0.0,0.0,0,0,0,0.0,0.0,0.0,0.0,0.0,0.0
494,UGA,1960,1,0,1,3,5,1,3.0,5.0,0.20000000000000004,3,5,1,0.0,0.0,0.0,0.0,1.6666666666666667,0.6
495,UGA,1964,2,0,2,13,14,2,6.5,7.0,0.125,10,11,2,0.0,0.0,2.3333333333333335,1.2000000000000002,1.6153846153846154,0.9090909090909091
496,UGA,1968,3,1,3,22,21,2,7.333333333333333,7.0,0.09695290858725761,13,14,2,0.15789473684210525,0.3076923076923077,1.3166666666666669,0.7363636363636364,1.5909090909090908,0.9285714285714286
526,MRI,1984,0,0,0,0,0,0,0.0,0.0,0.0,0,0,0,0.0,0.0,0.0,0.0,0.0,0.0
527,MRI,1988,1,0,1,4,7,1,4.0,7.0,0.14285714285714285,4,7,1,0.14285714285714285,0.0,0.0,0.0,1.75,0.5714285714285714
528,MRI,1992,2,0,2,12,16,5,6.0,8.0,0.12396694214876033,8,9,5,0.18181818181818182,0.0,1.0,0.2857142857142858,1.5,0.8888888888888888
529,MRI,1996,3,0,3,24,32,8,8.0,10.666666666666666,0.07851239669421486,13,17,4,0.5454545454545454,0.07692307692307693,0.8125,0.5873015873015873,1.625,0.7647058823529411
530,MRI,2000,4,0,4,44,46,9,11.0,11.5,0.06172839506172842,26,23,6,0.25,0.23076923076923078,0.875,0.509181450357921,1.5454545454545454,1.1304347826086956
531,MRI,2004,5,0,5,59,54,10,11.8,10.8,0.0650887573964497,20,20,8,0.23076923076923078,0.25,0.5985576923076923,0.34927739211626685,1.5593220338983051,1.0
532,MRI,2008,6,1,6,64,57,10,10.666666666666666,9.5,0.1111111111111111,9,9,5,0.3333333333333333,0.4444444444444444,0.3688461538461538,0.16942191369301346,1.53125,1.0
566,DOM,1964,0,0,0,0,0,0,0.0,0.0,0.0,0,0,0,0.0,0.0,0.0,0.0,0.0,0.0
567,DOM,1968,1,0,1,1,1,1,1.0,1.0,1.0,1,1,1,0.0,0.0,0.0,0.0,1.0,1.0
568,DOM,1972,2,0,2,18,16,5,9.0,8.0,0.09027777777777779,18,16,5,0.0,0.05555555555555555,17.0,15.0,1.3888888888888888,1.125
569,DOM,1976,3,0,3,21,18,6,7.0,6.0,0.28,5,4,3,0.0,0.4,8.13888888888889,7.125,1.380952380952381,1.25
570,DOM,1980,4,0,4,31,26,6,7.75,6.5,0.10743801652892562,10,10,3,0.18181818181818182,0.0,5.7592592592592595,5.25,1.2903225806451613,1.0
571,DOM,1984,5,1,5,37,30,7,7.4,6.0,0.14285714285714285,6,7,4,0.14285714285714285,0.0,4.219444444444445,3.8625,1.2702702702702702,0.8571428571428571
582,JAM,1948,0,1,0,0,0,0,0.0,0.0,0.0,0,0,0,0.0,0.0,0.0,0.0,0.0,0.0
597,SUR,1968,0,0,0,0,0,0,0.0,0.0,0.0,0,0,0,0.0,0.0,0.0,0.0,0.0,0.0
598,SUR,1972,1,0,1,1,1,1,1.0,1.0,1.0,1,1,1,0.0,0.0,0.0,0.0,1.0,1.0
599,SUR,1976,2,0,2,3,3,2,1.5,1.5,0.3333333333333333,2,3,2,0.0,0.0,1.0,2.0,1.3333333333333333,0.6666666666666666
600,SUR,1984,4,0,3,5,5,2,1.6666666666666667,1.6666666666666667,0.25,3,4,2,0.0,0.3333333333333333,0.75,1.1666666666666665,1.2,0.75
601,SUR,1988,5,1,4,10,11,3,2.5,2.75,0.14285714285714285,5,7,3,0.0,0.0,0.7222222222222223,1.0277777777777777,1.3,0.7142857142857143
617,MGL,1964,0,0,0,0,0,0,0.0,0.0,0.0,0,0,0,0.0,0.0,0.0,0.0,0.0,0.0
618,MGL,1968,1,1,1,21,29,5,21.0,29.0,0.04625000000000001,21,29,5,0.325,0.0,0.0,0.0,1.9047619047619047,0.7241379310344828
619,AUT,1896,0,1,0,0,0,0,0.0,0.0,0.0,0,0,0,0.0,0.0,0.0,0.0,0.0,0.0
627,LTU,1924,0,0,0,0,0,0,0.0,0.0,0.0,0,0,0,0.0,0.0,0.0,0.0,0.0,0.0
628,LTU,1928,1,0,1,13,2,2,13.0,2.0,0.7396449704142012,13,2,2,0.0,0.0,0.0,0.0,1.0,6.5
629,LTU,1992,17,1,2,24,11,5,12.0,5.5,0.14792899408284027,12,10,4,0.07692307692307693,0.08333333333333333,-0.07692307692307687,4.0,1.0416666666666667,1.2
638,NAM,1992,0,1,0,0,0,0,0.0,0.0,0.0,0,0,0,0.0,0.0,0.0,0.0,0.0,0.0
639,AHO,1952,0,0,0,0,0,0,0.0,0.0,0.0,0,0,0,0.0,0.0,0.0,0.0,0.0,0.0
640,AHO,1960,2,0,1,11,1,1,11.0,1.0,1.0,11,1,1,0.0,0.0,0.0,0.0,1.0,11.0
641,AHO,1964,3,0,2,16,5,2,8.0,2.5,0.28,5,4,1,0.0,0.0,-0.5454545454545454,3.0,1.0,1.25
642,AHO,1968,4,0,3,18,7,3,6.0,2.3333333333333335,0.25,4,4,2,0.0,0.5,-0.3727272727272727,1.5,1.0,1.0
643,AHO,1972,5,0,4,20,9,3,5.0,2.25,0.28,5,4,2,0.4,0.6,-0.16515151515151513,1.0,1.05,1.25
644,AHO,1976,6,0,5,21,10,4,4.2,2.0,0.5,2,2,2,0.0,0.5,-0.2738636363636363,0.625,1.0952380952380953,1.0
645,AHO,1984,8,0,6,25,14,6,4.166666666666667,2.3333333333333335,0.25,4,4,2,0.0,0.0,-0.019090909090909047,0.7,1.08,1.0
646,AHO,1988,9,1,7,33,23,8,4.714285714285714,3.2857142857142856,0.1124260355029586,8,10,3,0.5384615384615384,0.0,0.15075757575757578,0.8333333333333334,1.2121212121212122,0.8
664,SAM,1984,0,0,0,0,0,0,0.0,0.0,0.0,0,0,0,0.0,0.0,0.0,0.0,0.0,0.0
665,SAM,1988,1,0,1,8,9,3,8.0,9.0,0.1111111111111111,8,9,3,0.0,0.0,0.0,0.0,1.125,0.8888888888888888
666,SAM,1992,2,0,2,18,16,4,9.0,8.0,0.09090909090909091,11,11,4,0.0,0.09090909090909091,0.375,0.22222222222222232,1.0555555555555556,1.0
667,SAM,1996,3,0,3,22,17,4,7.333333333333333,5.666666666666667,0.20000000000000004,5,5,2,0.0,0.2,-0.08522727272727271,-0.16161616161616155,1.0909090909090908,1.0
668,SAM,2000,4,0,4,27,19,4,6.75,4.75,0.20000000000000004,5,5,3,0.2,0.0,-0.0568181818181818,-0.1077441077441077,1.0740740740740742,1.0
669,SAM,2004,5,0,5,31,23,6,6.2,4.6,0.20000000000000004,5,5,5,0.2,0.2,-0.042613636363636354,-0.08080808080808077,1.096774193548387,1.0
670,SAM,2008,6,1,6,34,23,6,5.666666666666667,3.8333333333333335,0.3333333333333333,3,3,2,0.3333333333333333,0.0,-0.11409090909090909,-0.14464646464646463,1.088235294117647,1.0
682,CRO,1992,0,1,0,0,0,0,0.0,0.0,0.0,0,0,0,0.0,0.0,0.0,0.0,0.0,0.0
711,CYP,1980,0,0,0,0,0,0,0.0,0.0,0.0,0,0,0,0.0,0.0,0.0,0.0,0.0,0.0
712,CYP,1984,1,0,1,14,13,3,14.0,13.0,0.08444444444444445,14,13,3,0.13333333333333333,0.0,0.0,0.0,1.0714285714285714,1.0769230769230769
713,CYP,1988,2,0,2,23,21,6,11.5,10.5,0.125,10,9,4,0.0,0.1,-0.2857142857142857,-0.3076923076923077,1.1304347826086956,1.1111111111111112
714,CYP,1992,3,0,3,30,28,6,10.0,9.333333333333334,0.10743801652892562,9,10,4,0.2727272727272727,0.2222222222222222,-0.19285714285714284,-0.09829059829059827,1.2,0.9
715,CYP,1996,4,0,4,44,37,9,11.0,9.25,0.06371191135734071,17,17,8,0.21052631578947367,0.17647058823529413,0.16772486772486772,0.1678062678062678,1.1818181818181819,1.0
716,CYP,2000,5,0,5,56,48,9,11.2,9.6,0.08333333333333333,17,16,5,0.16666666666666666,0.29411764705882354,0.1257936507936508,0.11114881850175967,1.2678571428571428,1.0625
717,CYP,2004,6,0,6,70,56,9,11.666666666666666,9.333333333333334,0.06597222222222221,22,20,4,0.20833333333333334,0.36363636363636365,0.15945845004668535,0.13891905480140773,1.2142857142857142,1.1
718,CYP,2008,7,0,7,82,63,10,11.714285714285714,9.0,0.052154195011337855,20,20,7,0.3333333333333333,0.4,0.11773052655405597,0.11576587900117312,1.2195121951219512,1.0
719,CYP,2012,8,1,8,91,67,11,11.375,8.375,0.06172839506172839,17,17,6,0.6111111111111112,0.47058823529411764,0.07948330847490512,0.07779932485814837,1.2087912087912087,1.0
748,THA,1952,0,0,0,0,0,0,0.0,0.0,0.0,0,0,0,0.0,0.0,0.0,0.0,0.0,0.0
749,THA,1956,1,0,1,8,7,1,8.0,7.0,0.18222222222222226,8,7,1,0.0,0.0,0.0,0.0,1.875,1.1428571428571428
750,THA,1960,2,0,2,43,15,5,21.5,7.5,0.15499999999999994,35,14,5,0.0,0.0,3.375,1.0,1.2790697674418605,2.5
751,THA,1964,3,0,3,58,21,6,19.333333333333332,7.0,0.07986111111111112,20,16,4,0.0,0.25,1.4732142857142856,0.5714285714285714,1.3275862068965518,1.25
752,THA,1968,4,0,4,106,47,10,26.5,11.75,0.0340833147694364,54,41,8,0.14925373134328357,0.1111111111111111,1.5488095238095239,0.9017857142857143,1.3113207547169812,1.3170731707317074
753,THA,1972,5,0,5,136,54,10,27.2,10.8,0.16729678638941395,41,18,6,0.0,0.2682926829268293,1.1014219576719577,0.5360953832752613,1.3014705882352942,2.2777777777777777
754,THA,1976,6,1,6,162,56,10,27.0,9.333333333333334,0.06355003652300951,33,21,7,0.0,0.21212121212121213,0.8421131758936637,0.4622096399535424,1.2901234567901234,1.5714285714285714
755,BER,1936,0,0,0,0,0,0,0.0,0.0,0.0,0,0,0,0.0,0.0,0.0,0.0,0.0,0.0
756,BER,1948,3,0,1,5,4,1,5.0,4.0,0.30864197530864196,5,4,1,0.0,0.0,0.0,0.0,1.8,1.25
757,BER,1952,4,0,2,17,14,3,8.5,7.0,0.09693877551020406,12,13,3,0.17857142857142858,0.0,1.4,2.25,2.176470588235294,0.9230769230769231
758,BER,1956,5,0,3,19,14,3,6.333333333333333,4.666666666666667,0.16666666666666669,6,6,3,0.3333333333333333,0.6666666666666666,0.44999999999999996,0.8557692307692308,2.3157894736842106,1.0
759,BER,1960,6,0,4,22,15,4,5.5,3.75,1.0,3,1,1,0.0,0.0,0.1333333333333333,0.29273504273504275,2.1363636363636362,3.0
760,BER,1964,7,0,5,29,18,4,5.8,3.6,0.2839506172839506,9,4,1,0.0,0.2222222222222222,0.6,0.969551282051282,1.8620689655172413,2.25
761,BER,1968,8,0,6,32,18,4,5.333333333333333,3.0,0.625,4,2,1,0.0,0.25,0.3688888888888889,0.6756410256410257,1.8125,2.0
762,BER,1972,9,0,7,34,19,4,4.857142857142857,2.7142857142857144,0.33333333333333337,6,4,2,0.0,0.6666666666666666,0.39074074074074067,0.7297008547008547,1.7941176470588236,1.5
763,BER,1976,10,1,8,40,21,6,5.0,2.625,0.48148148148148145,9,4,3,0.0,0.3333333333333333,0.40634920634920635,0.6254578754578753,1.675,2.25
764,ANZ,1908,0,1,0,0,0,0,0.0,0.0,0.0,0,0,0,0.0,0.0,0.0,0.0,0.0,0.0
765,SCG,1996,0,1,0,0,0,0,0.0,0.0,0.0,0,0,0,0.0,0.0,0.0,0.0,0.0,0.0
800,IOA,1992,0,0,0,0,0,0,0.0,0.0,0.0,0,0,0,0.0,0.0,0.0,0.0,0.0,0.0
801,IOA,2000,2,0,1,58,54,13,58.0,54.0,0.022506925207756222,58,54,13,0.34210526315789475,0.0,0.0,0.0,1.3103448275862069,1.0740740740740742
802,IOA,2012,5,0,2,62,58,15,31.0,29.0,0.25,4,4,3,0.25,0.0,-0.9310344827586207,-0.9259259259259259,1.2903225806451613,1.0
803,IOA,2016,6,1,3,66,60,16,22.0,20.0,0.25,4,4,3,0.25,0.0,-0.46551724137931033,-0.46296296296296297,1.2727272727272727,1.0
815,FIJ,1956,0,0,0,0,0,0,0.0,0.0,0.0,0,0,0,0.0,0.0,0.0,0.0,0.0,0.0
816,FIJ,1960,1,0,1,5,4,3,5.0,4.0,0.28,5,4,3,0.0,0.0,0.0,0.0,1.0,1.25
817,FIJ,1968,3,0,2,6,6,3,3.0,3.0,0.3333333333333333,2,3,1,0.0,0.5,-0.6,-0.25,1.1666666666666667,0.6666666666666666
818,FIJ,1972,4,0,3,7,7,3,2.3333333333333335,2.3333333333333335,1.0,1,1,1,0.0,0.0,-0.55,-0.45833333333333337,1.1428571428571428,1.0
819,FIJ,1976,5,0,4,9,11,3,2.25,2.75,0.25,2,4,1,0.0,0.0,-0.03333333333333336,0.6944444444444443,1.3333333333333333,0.5
820,FIJ,1984,7,0,5,11,14,3,2.2,2.8,0.20000000000000004,2,5,1,0.4,0.0,-0.025000000000000022,0.5833333333333333,1.5454545454545454,0.4
821,FIJ,1988,8,0,6,24,32,6,4.0,5.333333333333333,0.05029585798816569,14,22,5,0.3076923076923077,0.07142857142857142,1.1800000000000002,1.1466666666666667,1.7916666666666667,0.6363636363636364
822,FIJ,1992,9,0,7,38,45,6,5.428571428571429,6.428571428571429,0.03747769185008923,23,31,5,0.36585365853658536,0.391304347826087,1.0904761904761904,1.0237373737373738,2.0,0.7419354838709677
823,FIJ,1996,10,0,8,49,50,6,6.125,6.25,0.035493827160493825,18,32,4,0.25,0.3888888888888889,0.9036379769299024,0.8820974724200531,2.0408163265306123,0.5625
824,FIJ,2000,11,0,9,63,55,7,7.0,6.111111111111111,0.10657596371882083,17,14,5,0.14285714285714285,0.17647058823529413,0.7837387853692203,0.7015227883675464,1.8888888888888888,1.2142857142857142
825,FIJ,2004,12,0,10,64,57,7,6.4,5.7,0.1111111111111111,7,9,5,0.4444444444444444,0.8571428571428571,0.6312972209817906,0.5838932721997239,1.9375,0.7777777777777778
826,FIJ,2008,13,0,11,70,62,9,6.363636363636363,5.636363636363637,0.1111111111111111,8,9,6,0.4444444444444444,0.25,0.5824532131693259,0.5255039449797515,1.8571428571428572,0.8888888888888888
827,FIJ,2012,14,0,12,72,63,9,6.0,5.25,0.16666666666666669,6,6,5,0.3333333333333333,0.6666666666666666,0.5067756483357507,0.44742782876947107,1.8472222222222223,1.0
828,FIJ,2016,15,1,13,79,65,9,6.076923076923077,5.0,0.1111111111111111,9,9,6,0.3333333333333333,0.2222222222222222,0.5062110109744382,0.4518088430386818,1.7721518987341771,1.0
839,MDA,1996,0,1,0,0,0,0,0.0,0.0,0.0,0,0,0,0.0,0.0,0.0,0.0,0.0,0.0
842,GUA,1932,0,0,0,0,0,0,0.0,0.0,0.0,0,0,0,0.0,0.0,0.0,0.0,0.0,0.0
843,GUA,1952,5,0,1,1,1,1,1.0,1.0,1.0,1,1,1,1.0,0.0,0.0,0.0,1.0,1.0
844,GUA,1968,9,0,2,22,27,7,11.0,13.5,0.04979591836734694,21,26,6,0.05714285714285714,0.0,20.0,25.0,1.6363636363636365,0.8076923076923077
845,GUA,1972,10,0,3,69,56,10,23.0,18.666666666666668,0.09913120962352419,48,37,8,0.05970149253731343,0.020833333333333332,10.642857142857142,12.711538461538462,1.4927536231884058,1.2972972972972974
846,GUA,1976,11,0,4,74,57,10,18.5,14.25,0.10743801652892562,8,10,3,0.0,0.375,6.817460317460317,8.23111573111573,1.5,0.8
847,GUA,1980,12,0,5,100,64,12,20.0,12.8,0.39285714285714285,28,8,5,0.07142857142857142,0.07142857142857142,5.738095238095238,6.123336798336799,1.37,3.5
848,GUA,1984,13,0,6,105,67,13,17.5,11.166666666666666,0.16000000000000006,10,7,5,0.0,0.5,4.461904761904762,4.873669438669439,1.3714285714285714,1.4285714285714286
849,GUA,1988,14,0,7,122,82,13,17.428571428571427,11.714285714285714,0.032395870416518334,24,40,9,0.2641509433962264,0.2916666666666667,3.9515873015873013,4.847105484605485,1.5819672131147542,0.6
850,GUA,1992,15,0,8,145,88,14,18.125,11.0,0.23886048210372537,28,16,8,0.21621621621621623,0.17857142857142858,3.410884353741497,4.068947558233273,1.5448275862068965,1.75
851,GUA,1996,16,0,9,157,97,15,17.444444444444443,10.777777777777779,0.05175490779298037,14,27,7,0.17073170731707318,0.14285714285714285,2.9220238095238096,3.6462666134541135,1.6687898089171975,0.5185185185185185
852,GUA,2000,17,0,10,179,109,18,17.9,10.9,0.0739795918367347,26,20,11,0.03571428571428571,0.15384615384615385,2.6925925925925926,3.2123192942637386,1.6145251396648044,1.3
853,GUA,2004,18,0,11,188,113,19,17.09090909090909,10.272727272727273,0.09876543209876543,15,14,7,0.05555555555555555,0.4,2.381025641025641,2.8610873648373647,1.601063829787234,1.0714285714285714
854,GUA,2008,19,0,12,200,123,19,16.666666666666668,10.25,0.06371191135734071,18,17,8,0.42105263157894735,0.3333333333333333,2.182750582750583,2.620469032969033,1.585,1.0588235294117647
855,GUA,2012,20,1,13,206,126,19,15.846153846153847,9.692307692307692,0.08875739644970415,12,12,9,0.3076923076923077,0.5,1.9730769230769232,2.3775868096333785,1.5728155339805825,1.0
856,YUG,1920,0,0,0,0,0,0,0.0,0.0,0.0,0,0,0,0.0,0.0,0.0,0.0,0.0,0.0
857,YUG,1924,1,1,1,15,1,1,15.0,1.0,1.0,15,1,1,0.0,0.0,0.0,0.0,1.0,15.0
858,LAT,1924,0,0,0,0,0,0,0.0,0.0,0.0,0,0,0,0.0,0.0,0.0,0.0,0.0,0.0
859,LAT,1928,1,0,1,36,23,6,36.0,23.0,0.09099139882299682,36,23,6,0.0,0.0,0.0,0.0,1.3055555555555556,1.565217391304348
860,LAT,1932,2,1,2,48,29,8,24.0,14.5,0.10763888888888885,17,14,6,0.08333333333333333,0.29411764705882354,-0.5277777777777778,-0.3913043478260869,1.2916666666666667,1.2142857142857142
861,SRB,1912,0,0,0,0,0,0,0.0,0.0,0.0,0,0,0,0.0,0.0,0.0,0.0,0.0,0.0
862,SRB,2008,24,1,1,2,2,1,2.0,2.0,0.5,2,2,1,0.0,0.0,0.0,0.0,1.0,1.0
879,ISV,1968,0,0,0,0,0,0,0.0,0.0,0.0,0,0,0,0.0,0.0,0.0,0.0,0.0,0.0
880,ISV,1972,1,0,1,6,5,3,6.0,5.0,0.22222222222222227,6,5,3,0.0,0.0,0.0,0.0,1.0,1.2
881,ISV,1976,2,0,2,21,13,5,10.5,6.5,0.1484375,16,9,4,0.0,0.0625,1.6666666666666665,0.8,1.0476190476190477,1.7777777777777777
882,ISV,1984,4,0,3,40,29,7,13.333333333333334,9.666666666666666,0.056213017751479306,21,21,6,0.15384615384615385,0.09523809523809523,0.9895833333333333,1.0666666666666669,1.15,1.0
883,ISV,1988,5,1,4,66,50,9,16.5,12.5,0.03994082840236689,29,31,7,0.11538461538461539,0.10344827586206896,0.7867063492063492,0.86984126984127,1.4242424242424243,0.9354838709677419
943,SVK,1996,0,1,0,0,0,0,0.0,0.0,0.0,0,0,0,0.0,0.0,0.0,0.0,0.0,0.0
978,GAB,1972,0,0,0,0,0,0,0.0,0.0,0.0,0,0,0,0.0,0.0,0.0,0.0,0.0,0.0
979,GAB,1984,3,0,1,1,1,1,1.0,1.0,1.0,1,1,1,0.0,0.0,0.0,0.0,1.0,1.0
980,GAB,1988,4,0,2,5,4,2,2.5,2.0,0.25,4,4,2,0.5,0.0,3.0,3.0,1.0,1.0
981,GAB,1992,5,0,3,6,4,2,2.0,1.3333333333333333,0.5,2,2,2,0.5,0.5,1.25,1.25,1.0,1.0
982,GAB,1996,6,0,4,11,8,3,2.75,2.0,0.20000000000000004,5,5,3,0.2,0.0,1.3333333333333333,1.3333333333333333,1.0,1.0
983,GAB,2000,7,0,5,16,12,3,3.2,2.4,0.25925925925925924,7,6,3,0.1111111111111111,0.2857142857142857,1.1,1.05,1.25,1.1666666666666667
984,GAB,2004,8,0,6,19,14,3,3.1666666666666665,2.3333333333333335,0.16666666666666669,5,6,3,0.3333333333333333,0.4,0.822857142857143,0.8400000000000001,1.263157894736842,0.8333333333333334
985,GAB,2008,9,0,7,23,17,3,3.2857142857142856,2.4285714285714284,0.20000000000000004,5,5,3,0.4,0.2,0.6857142857142858,0.6722222222222222,1.2173913043478262,1.0
986,GAB,2012,10,1,8,26,19,4,3.25,2.375,0.25,4,4,3,0.5,0.25,0.5591836734693877,0.5476190476190477,1.1923076923076923,1.0
987,SMR,1960,0,0,0,0,0,0,0.0,0.0,0.0,0,0,0,0.0,0.0,0.0,0.0,0.0,0.0
988,SMR,1968,2,0,1,9,5,3,9.0,5.0,0.24260355029585803,9,5,3,0.0,0.0,0.0,0.0,1.4444444444444444,1.8
989,SMR,1972,3,0,2,12,6,3,6.0,3.0,0.5,4,2,2,0.0,0.25,-0.5555555555555556,-0.6,1.4166666666666667,2.0
990,SMR,1976,4,0,3,18,8,3,6.0,2.6666666666666665,0.2653061224489796,7,4,2,0.0,0.14285714285714285,0.09722222222222221,0.2,1.3333333333333333,1.75
991,SMR,1980,5,0,4,22,11,4,5.5,2.75,0.16000000000000006,10,7,3,0.2,0.6,0.20767195767195767,0.3833333333333333,1.2727272727272727,1.4285714285714286
992,SMR,1984,6,0,5,33,16,6,6.6,3.2,0.109375,16,10,5,0.0,0.3125,0.3057539682539683,0.39464285714285713,1.1818181818181819,1.6
993,SMR,1988,7,0,6,40,36,9,6.666666666666667,6.0,0.042663891779396446,19,26,7,0.0967741935483871,0.631578947368421,0.28210317460317463,0.6357142857142858,1.625,0.7307692307692307
994,SMR,1992,8,0,7,47,41,9,6.714285714285714,5.857142857142857,0.09333333333333334,11,12,6,0.0,0.36363636363636365,0.16491054023948762,0.44001831501831506,1.5957446808510638,0.9166666666666666
995,SMR,1996,9,0,8,60,48,11,7.5,6.0,0.09000000000000002,17,15,7,0.05,0.23529411764705882,0.21927396955592446,0.41287284144427,1.5333333333333334,1.1333333333333333
996,SMR,2000,10,0,9,64,51,11,7.111111111111111,5.666666666666667,0.14285714285714285,7,7,6,0.14285714285714285,0.42857142857142855,0.11833531159672801,0.2945970695970696,1.515625,1.0
997,SMR,2004,11,0,10,65,53,11,6.5,5.3,0.25,4,4,3,0.25,0.75,0.057567896022488386,0.21424501424501424,1.523076923076923,1.0
998,SMR,2008,12,0,11,67,54,11,6.090909090909091,4.909090909090909,0.20000000000000004,5,5,3,0.2,0.6,0.07681110642023956,0.21782051282051285,1.5223880597014925,1.0
999,SMR,2012,13,0,12,70,55,11,5.833333333333333,4.583333333333333,0.25,4,4,3,0.5,0.25,0.05164646038203596,0.17983682983682986,1.5142857142857142,1.0
1000,SMR,2016,14,0,13,74,56,11,5.6923076923076925,4.3076923076923075,0.25,4,4,4,0.75,0.0,0.047342588683532964,0.16485042735042738,1.4864864864864864,1.0
1001,SMR,2020,15,1,14,77,57,11,5.5,4.071428571428571,0.375,4,3,2,0.5,0.25,0.043700851092491964,0.13293885601577912,1.4675324675324675,1.3333333333333333
1013,BOT,1980,0,0,0,0,0,0,0.0,0.0,0.0,0,0,0,0.0,0.0,0.0,0.0,0.0,0.0
1014,BOT,1984,1,0,1,7,8,1,7.0,8.0,0.125,7,8,1,0.0,0.0,0.0,0.0,1.1428571428571428,0.875
1015,BOT,1988,2,0,2,13,10,2,6.5,5.0,0.21875,7,6,2,0.0,0.14285714285714285,0.0,-0.25,1.1538461538461537,1.1666666666666667
1016,BOT,1992,3,0,3,19,13,3,6.333333333333333,4.333333333333333,0.19008264462809918,8,8,2,0.0,0.25,0.0714285714285714,0.04166666666666663,1.3157894736842106,1.0
1017,BOT,1996,4,0,4,23,14,3,5.75,3.5,0.16666666666666669,6,6,2,0.0,0.3333333333333333,-0.03571428571428573,-0.05555555555555558,1.3478260869565217,1.0
1018,BOT,2000,5,0,5,29,15,3,5.8,3.0,0.38775510204081637,7,4,2,0.0,0.14285714285714285,0.014880952380952384,-0.12500000000000003,1.2758620689655173,1.75
1019,BOT,2004,6,0,6,34,15,3,5.666666666666667,2.5,0.3580246913580247,7,5,2,0.0,0.2857142857142857,0.011904761904761908,-0.050000000000000024,1.2941176470588236,1.4
1020,BOT,2008,7,0,7,42,19,3,6.0,2.7142857142857144,0.22222222222222227,11,8,2,0.08333333333333333,0.2727272727272727,0.10515873015873016,0.05833333333333333,1.2619047619047619,1.375
1021,BOT,2012,8,1,8,49,22,4,6.125,2.75,0.09090909090909091,11,11,3,0.18181818181818182,0.36363636363636365,0.09013605442176871,0.10357142857142856,1.2448979591836735,1.0
1023,KOR,1948,0,1,0,0,0,0,0.0,0.0,0.0,0,0,0,0.0,0.0,0.0,0.0,0.0,0.0
1054,CPV,1996,0,0,0,0,0,0,0.0,0.0,0.0,0,0,0,0.0,0.0,0.0,0.0,0.0,0.0
1055,CPV,2000,1,0,1,3,3,1,3.0,3.0,0.3333333333333333,3,3,1,0.3333333333333333,0.0,0.0,0.0,1.0,1.0
1056,CPV,2004,2,0,2,3,3,1,1.5,1.5,0.5,2,2,1,0.5,1.0,-0.33333333333333337,-0.33333333333333337,1.0,1.0
1057,CPV,2008,3,0,3,5,5,3,1.6666666666666667,1.6666666666666667,0.3333333333333333,3,3,3,0.3333333333333333,0.3333333333333333,0.08333333333333331,0.08333333333333331,1.0,1.0
1058,CPV,2012,4,0,4,6,5,3,1.5,1.25,0.5,2,2,2,0.5,0.5,-0.05555555555555558,-0.05555555555555558,1.0,1.0
1059,CPV,2016,5,0,5,9,7,4,1.8,1.4,0.3333333333333333,3,3,2,0.6666666666666666,0.0,0.08333333333333331,0.08333333333333331,1.0,1.0
1060,CPV,2020,6,0,6,13,10,5,2.1666666666666665,1.6666666666666667,0.20000000000000004,5,5,4,0.6,0.2,0.2,0.2,1.0,1.0
1061,CPV,2024,7,1,7,18,16,6,2.5714285714285716,2.2857142857142856,0.16666666666666669,6,6,5,0.5,0.16666666666666666,0.19999999999999998,0.19999999999999998,1.0555555555555556,1.0
1062,CZE,1996,0,1,0,0,0,0,0.0,0.0,0.0,0,0,0,0.0,0.0,0.0,0.0,0.0,0.0
1117,ZIM,1928,0,0,0,0,0,0,0.0,0.0,0.0,0,0,0,0.0,0.0,0.0,0.0,0.0,0.0
1118,ZIM,1960,8,0,1,2,2,1,2.0,2.0,0.5,2,2,1,0.0,0.0,0.0,0.0,1.0,1.0
1119,ZIM,1964,9,0,2,6,8,2,3.0,4.0,0.24000000000000007,4,6,1,1.0,0.0,1.0,2.0,2.0,0.6666666666666666
1120,ZIM,1980,13,1,3,35,20,7,11.666666666666666,6.666666666666667,0.23048668503213948,29,15,7,0.18181818181818182,0.0,3.625,1.75,1.2857142857142858,1.9333333333333333
1121,GRN,1984,0,0,0,0,0,0,0.0,0.0,0.0,0,0,0,0.0,0.0,0.0,0.0,0.0,0.0
1122,GRN,1988,1,0,1,6,6,2,6.0,6.0,0.16666666666666669,6,6,2,0.16666666666666666,0.0,0.0,0.0,1.0,1.0
1123,GRN,1992,2,0,2,11,11,2,5.5,5.5,0.14285714285714285,6,7,2,0.42857142857142855,0.16666666666666666,0.0,0.16666666666666674,1.1818181818181819,0.8571428571428571
1124,GRN,1996,3,0,3,15,15,2,5.0,5.0,0.20000000000000004,4,5,1,0.2,0.0,-0.16666666666666669,-0.05952380952380948,1.2,0.8
1125,GRN,2000,4,0,4,20,16,2,5.0,4.0,0.6800000000000002,5,2,1,0.0,0.0,-0.02777777777777779,-0.23968253968253964,1.15,2.5
1126,GRN,2004,5,0,5,23,17,3,4.6,3.4,0.3333333333333333,3,3,2,0.3333333333333333,0.0,-0.12083333333333335,-0.054761904761904734,1.1304347826086956,1.0
1127,GRN,2008,6,0,6,26,19,3,4.333333333333333,3.1666666666666665,0.20000000000000004,5,5,2,0.4,0.4,0.03666666666666667,0.08952380952380956,1.1538461538461537,1.0
1128,GRN,2012,7,1,7,33,21,3,4.714285714285714,3.0,0.13580246913580246,9,8,2,0.5555555555555556,0.2222222222222222,0.1638888888888889,0.17460317460317465,1.121212121212121,1.125
1129,HKG,1952,0,0,0,0,0,0,0.0,0.0,0.0,0,0,0,0.0,0.0,0.0,0.0,0.0,0.0
1130,HKG,1956,1,0,1,4,6,1,4.0,6.0,0.18518518518518517,4,6,1,0.3333333333333333,0.0,0.0,0.0,2.25,0.6666666666666666
1131,HKG,1960,2,0,2,5,7,1,2.5,3.5,0.375,2,3,1,0.0,0.5,-0.5,-0.5,2.4,0.6666666666666666
1132,HKG,1964,3,0,3,8,9,2,2.6666666666666665,3.0,0.375,4,3,2,0.0,0.25,0.25,-0.25,1.875,1.3333333333333333
1133,HKG,1968,4,0,4,44,27,7,11.0,6.75,0.1408,39,24,7,0.02,0.07692307692307693,3.0833333333333335,2.1666666666666665,1.4090909090909092,1.625
1134,HKG,1972,5,0,5,50,34,7,10.0,6.8,0.09760000000000002,11,12,3,0.0,0.45454545454545453,2.1330128205128207,1.5,1.64,0.9166666666666666
1135,HKG,1976,6,0,6,58,39,9,9.666666666666666,6.5,0.08641975308641975,10,13,5,0.0,0.2,1.6882284382284383,1.2166666666666666,1.6724137931034482,0.7692307692307693
1136,HKG,1984,8,0,7,77,52,10,11.0,7.428571428571429,0.05199999999999999,25,27,6,0.08,0.24,1.656857031857032,1.1933760683760684,1.844155844155844,0.9259259259259259
1137,HKG,1988,9,0,8,119,75,12,14.875,9.375,0.028669573259347342,47,47,10,0.3103448275862069,0.10638297872340426,1.5458774558774557,1.1287138787138786,1.8907563025210083,1.0
1138,HKG,1992,10,0,9,157,91,13,17.444444444444443,10.11111111111111,0.02717063156623597,48,49,11,0.26373626373626374,0.20833333333333334,1.3553023483608588,0.9929437928108141,1.9235668789808917,0.9795918367346939
1139,HKG,1996,11,1,10,184,100,15,18.4,10.0,0.03259871441689623,37,39,11,0.22727272727272727,0.2702702702702703,1.1792502355800227,0.8599409677592724,1.923913043478261,0.9487179487179487
1140,LCA,1996,0,0,0,0,0,0,0.0,0.0,0.0,0,0,0,0.0,0.0,0.0,0.0,0.0,0.0
1141,LCA,2000,1,0,1,6,5,2,6.0,5.0,0.3125,6,5,2,0.125,0.0,0.0,0.0,1.3333333333333333,1.2
1142,LCA,2004,2,0,2,10,9,3,5.0,4.5,0.20000000000000004,5,5,2,0.4,0.2,-0.16666666666666663,0.0,1.2,1.0
1143,LCA,2008,3,0,3,12,11,3,4.0,3.6666666666666665,0.5,2,2,2,0.5,0.0,-0.3833333333333333,-0.3,1.1666666666666667,1.0
1144,LCA,2012,4,0,4,15,14,3,3.75,3.5,0.25,4,4,2,0.75,0.25,0.07777777777777779,0.13333333333333333,1.1333333333333333,1.0
1145,LCA,2016,5,0,5,17,16,3,3.4,3.2,0.25,4,4,3,0.75,0.5,0.05833333333333335,0.1,1.1176470588235294,1.0
1146,LCA,2020,6,0,6,21,16,3,3.5,2.6666666666666665,0.28,5,4,3,0.6,0.2,0.09666666666666668,0.08,1.0952380952380953,1.25
1147,LCA,2024,7,1,7,25,21,3,3.5714285714285716,3.0,0.20000000000000004,5,5,3,0.6,0.2,0.08055555555555556,0.10833333333333334,1.12,1.0
1186,ZAM,1964,0,0,0,0,0,0,0.0,0.0,0.0,0,0,0,0.0,0.0,0.0,0.0,0.0,0.0
1187,ZAM,1968,1,0,1,12,13,5,12.0,13.0,0.09333333333333335,12,13,5,0.06666666666666667,0.0,0.0,0.0,1.25,0.9230769230769231
1188,ZAM,1972,2,0,2,19,16,5,9.5,8.0,0.26530612244897955,7,5,2,0.0,0.0,-0.41666666666666663,-0.6153846153846154,1.1578947368421053,1.4
1189,ZAM,1980,4,0,3,29,25,5,9.666666666666666,8.333333333333334,0.08333333333333334,11,12,2,0.3333333333333333,0.09090909090909091,0.07738095238095238,0.39230769230769225,1.1724137931034482,0.9166666666666666
1190,ZAM,1984,5,1,4,65,39,7,16.25,9.75,0.13142239048134127,37,25,4,0.0,0.02702702702702703,0.8394660894660895,0.6226495726495727,1.1846153846153846,1.48
1192,TPE,1956,0,0,0,0,0,0,0.0,0.0,0.0,0,0,0,0.0,0.0,0.0,0.0,0.0,0.0
1193,TPE,1960,1,1,1,20,13,5,20.0,13.0,0.25141776937618143,20,13,5,0.0,0.0,0.0,0.0,1.15,1.5384615384615385
1204,BOH,1900,0,1,0,0,0,0,0.0,0.0,0.0,0,0,0,0.0,0.0,0.0,0.0,0.0,0.0
1224,MNE,2008,0,0,0,0,0,0,0.0,0.0,0.0,0,0,0,0.0,0.0,0.0,0.0,0.0,0.0
1225,MNE,2012,1,1,1,19,8,6,19.0,8.0,0.44000000000000006,19,8,6,0.1,0.0,0.0,0.0,1.0526315789473684,2.375
1247,ALB,1972,0,0,0,0,0,0,0.0,0.0,0.0,0,0,0,0.0,0.0,0.0,0.0,0.0,0.0
1248,ALB,1992,5,0,1,5,3,2,5.0,3.0,0.3600000000000001,5,3,2,0.2,0.0,0.0,0.0,1.0,1.6666666666666667
1249,ALB,1996,6,0,2,12,11,4,6.0,5.5,0.13580246913580246,7,8,4,0.2222222222222222,0.0,0.3999999999999999,1.6666666666666665,1.1666666666666667,0.875
1250,ALB,2000,7,0,3,18,17,6,6.0,5.666666666666667,0.16049382716049382,7,7,5,0.6666666666666666,0.14285714285714285,0.19999999999999996,0.7708333333333333,1.2222222222222223,1.0
1251,ALB,2004,8,0,4,20,19,6,5.0,4.75,0.20000000000000004,4,5,3,0.6,0.5,-0.009523809523809565,0.41865079365079366,1.2,0.8
1252,ALB,2008,9,0,5,26,23,6,5.2,4.6,0.14285714285714285,7,7,4,0.2857142857142857,0.14285714285714285,0.18035714285714283,0.4139880952380952,1.1923076923076923,1.0
1253,ALB,2012,10,0,6,32,26,7,5.333333333333333,4.333333333333333,0.08333333333333334,11,12,6,0.4166666666666667,0.45454545454545453,0.25857142857142856,0.47404761904761905,1.21875,0.9166666666666666
1254,ALB,2016,11,0,7,39,32,7,5.571428571428571,4.571428571428571,0.12000000000000002,9,9,5,0.3,0.2222222222222222,0.18517316017316018,0.3533730158730159,1.2307692307692308,1.0
1255,ALB,2020,12,0,8,43,36,7,5.375,4.5,0.16666666666666669,6,6,3,0.5,0.3333333333333333,0.11110080395794679,0.2552721088435374,1.2093023255813953,1.0
1256,ALB,2024,13,1,9,47,46,8,5.222222222222222,5.111111111111111,0.10000000000000003,9,10,6,0.4,0.5555555555555556,0.15971320346320345,0.30669642857142854,1.3191489361702127,0.9
1281,BDI,1996,0,1,0,0,0,0,0.0,0.0,0.0,0,0,0,0.0,0.0,0.0,0.0,0.0,0.0
1306,VIE,1980,0,0,0,0,0,0,0.0,0.0,0.0,0,0,0,0.0,0.0,0.0,0.0,0.0,0.0
1307,VIE,1988,2,0,1,29,31,4,29.0,31.0,0.04016620498614958,29,31,4,0.2631578947368421,0.0,0.0,0.0,1.3103448275862069,0.9354838709677419
1308,VIE,1992,3,0,2,37,39,6,18.5,19.5,0.08333333333333334,9,12,6,0.16666666666666666,0.1111111111111111,-0.6896551724137931,-0.6129032258064516,1.3513513513513513,0.75
1309,VIE,1996,4,0,3,41,42,6,13.666666666666666,14.0,0.10000000000000003,7,10,3,0.8,0.42857142857142855,-0.4559386973180077,-0.3897849462365591,1.4146341463414633,0.7
1310,VIE,2000,5,1,4,47,45,7,11.75,11.25,0.16666666666666669,6,6,4,0.5,0.0,-0.3515781791643861,-0.39318996415770613,1.3617021276595744,1.0
1339,TGA,1984,0,0,0,0,0,0,0.0,0.0,0.0,0,0,0,0.0,0.0,0.0,0.0,0.0,0.0
1340,TGA,1988,1,0,1,7,7,1,7.0,7.0,0.14285714285714285,7,7,1,0.0,0.0,0.0,0.0,1.0,1.0
1341,TGA,1992,2,0,2,12,11,2,6.0,5.5,0.14285714285714285,5,7,2,0.2857142857142857,0.0,-0.2857142857142857,0.0,1.1666666666666667,0.7142857142857143
1342,TGA,1996,3,1,3,17,14,3,5.666666666666667,4.666666666666667,0.20000000000000004,5,5,2,0.0,0.0,-0.14285714285714285,-0.14285714285714285,1.1176470588235294,1.0
1344,KOS,2016,0,1,0,0,0,0,0.0,0.0,0.0,0,0,0,0.0,0.0,0.0,0.0,0.0,0.0
